{
  "min_": [
    -1.8374972656371622,
    -2.3791140980768364,
    -1.7609945521933716,
    -1.7766475826821329,
    -0.07864301061584349,
    -2.3095844010965276,
    -2.4212581485636124,
    -2.479819297312062,
    -2.406164557859148,
    -0.3295458988382604,
    0.5433533604339953,
    0.5009684026229831,
    0.5990373360590904,
    -2.5910785073224707,
    -1.9173218552638667,
    -0.13383432903382644,
    0.1813564444862123,
    -1.8938238662196503,
    -1.8948681496043167,
    -1.8948681496043167,
    -1.8948681496043167,
    -1.905996374930266,
    0.3762284169198423,
    0.404845077284481,
    -0.13078001501907024,
    -0.7238917899500635,
    -0.08721203700104846,
    -0.055492958709908884,
    0.3283701106377159
  ],
  "scale_": [
    0.010732805592681425,
    0.01258009373234769,
    0.010452511363293403,
    0.0103490940042179,
    3.384722445989984e-09,
    0.012965493380784846,
    0.013997436932945587,
    0.013486449342184665,
    0.013461466798962526,
    0.016429765456788814,
    0.05133751762068997,
    0.06035943002182604,
    0.1385149408888907,
    0.013380575242925189,
    0.01189965926961224,
    0.01771244609718536,
    0.6061791159644544,
    0.011031653891285622,
    0.011037736913613911,
    0.011037736913613911,
    0.011037736913613911,
    0.011102559589264928,
    4.069268476696912,
    4.173089929367564,
    21.941917409565022,
    1.9150323142552707e-08,
    0.20726319898844653,
    7.307965611449392,
    4.293186547245215
  ],
  "data_min_": [
    171.20381523449285,
    189.11735863774422,
    168.47573669018362,
    171.6717987060547,
    23234700.0,
    178.1331672668457,
    172.97867889404296,
    183.87488318036102,
    178.74460441744662,
    20.057857776788367,
    -10.583943003411093,
    -8.299753699493722,
    -4.324712787045884,
    193.64477687104454,
    161.1240970705831,
    7.5559484161306045,
    -0.2991796314158187,
    171.6717987060547,
    171.6717987060547,
    171.6717987060547,
    171.6717987060547,
    171.6717987060547,
    -0.0924560321036455,
    -0.09701326454420206,
    0.005960281983472421,
    37800500.0,
    0.42077917076784055,
    0.0075934893047345554,
    -0.07648633643660774
  ],
  "data_max_": [
    264.37609822840903,
    268.60802232244004,
    264.1465248140549,
    268.2986145019531,
    318679900.0,
    255.26096878051757,
    244.42032958984376,
    258.02338399236277,
    253.0307141656852,
    80.9229993170042,
    8.89498870864702,
    8.2676658344283,
    2.8947250121020556,
    268.37997934514874,
    245.1601167029827,
    64.01342439167684,
    1.3504977884487066,
    262.3200378417969,
    262.27008056640625,
    262.27008056640625,
    262.27008056640625,
    261.7411193847656,
    0.15328838258086197,
    0.142617325001121,
    0.0515351504570943,
    90018940.0,
    5.245562368559471,
    0.14443047693824226,
    0.1564408818417744
  ],
  "feature_columns": [
    "Open",
    "High",
    "Low",
    "Close",
    "Volume",
    "SMA_20",
    "SMA_50",
    "EMA_12",
    "EMA_26",
    "RSI_14",
    "MACD",
    "MACD_Signal",
    "MACD_Histogram",
    "BB_Upper",
    "BB_Lower",
    "BB_Width",
    "BB_Position",
    "Lag_1",
    "Lag_2",
    "Lag_3",
    "Lag_4",
    "Lag_5",
    "Daily_Return",
    "Log_Return",
    "Volatility",
    "Volume_SMA_20",
    "Volume_Ratio",
    "High_Low_Range",
    "Open_Close_Range"
  ],
  "fit_on": "training_data_only"
}