{
  "min_": [
    -1.983928863813858,
    -2.3461000666368563,
    -1.9198512526454217,
    -1.9975553178362015,
    -0.07864301061584349,
    -2.07938708041475,
    -2.489160057621436,
    -2.108558217147886,
    -2.225611286417444,
    -0.3295452992810966,
    0.5435128314643417,
    0.5012036440869644,
    0.5990376033264941,
    -2.0146543564389807,
    -1.9371072181609306,
    -0.13383438959825206,
    0.1813563434080279,
    -1.9975553178362015,
    -1.9905168399291397,
    -1.867474324132216,
    -1.867474324132216,
    -1.867474324132216,
    0.37622831445938704,
    0.40484502139830386,
    -0.13077846316449515,
    -0.7238917899500635,
    -0.08721203700104846,
    -0.05543016463865936,
    0.3283701106377155
  ],
  "scale_": [
    0.011588110394595503,
    0.012931946397163973,
    0.011395418899174422,
    0.011635898778901766,
    3.384722445989984e-09,
    0.01225881818976971,
    0.014572033759090379,
    0.012251097570999209,
    0.01303659518729477,
    0.016429736601013684,
    0.0513525663899293,
    0.06038776537059487,
    0.13851491240545513,
    0.011232784069045527,
    0.012288310803587867,
    0.017712440591930497,
    0.6061794250106198,
    0.011635898778901766,
    0.011608576842256664,
    0.011130950874590482,
    0.011130950874590482,
    0.011130950874590482,
    4.0692613431097415,
    4.1730828645307305,
    21.94185839253019,
    1.9150323142552707e-08,
    0.20726319898844653,
    7.307530841222362,
    4.293186547245212
  ],
  "data_min_": [
    171.2038284291051,
    181.4189445721307,
    168.4757067407598,
    171.67176818847656,
    23234700.0,
    169.62378005981446,
    170.81761535644532,
    172.1117805917458,
    170.720288115296,
    20.057856512487504,
    -10.583946814602228,
    -8.299754776669046,
    -4.324715605876543,
    179.35485486548393,
    157.63820179380113,
    7.5559541839324424,
    -0.2991793121398844,
    171.67176818847656,
    171.46949768066406,
    167.7731170654297,
    167.7731170654297,
    167.7731170654297,
    -0.09245616900384979,
    -0.09701341539112458,
    0.005960227289089465,
    37800500.0,
    0.42077917076784055,
    0.007585348025624934,
    -0.0764863364366077
  ],
  "data_max_": [
    257.49917477533796,
    258.7468246365968,
    256.2302692406472,
    257.6127014160156,
    318679900.0,
    251.19771194458008,
    239.44221618652344,
    253.73712021578075,
    247.42743331948105,
    80.9231049509988,
    8.889276634578863,
    8.259890937377172,
    2.8947236778363994,
    268.37997934515107,
    239.0163518083683,
    64.01344770718998,
    1.3504972666758361,
    257.6127014160156,
    257.6127014160156,
    257.6127014160156,
    257.6127014160156,
    257.6127014160156,
    0.15328867648100597,
    0.14261757983773518,
    0.05153521834547312,
    90018940.0,
    5.245562368559471,
    0.14443047693824212,
    0.15644088184177463
  ],
  "feature_columns": [
    "Open",
    "High",
    "Low",
    "Close",
    "Volume",
    "SMA_20",
    "SMA_50",
    "EMA_12",
    "EMA_26",
    "RSI_14",
    "MACD",
    "MACD_Signal",
    "MACD_Histogram",
    "BB_Upper",
    "BB_Lower",
    "BB_Width",
    "BB_Position",
    "Lag_1",
    "Lag_2",
    "Lag_3",
    "Lag_4",
    "Lag_5",
    "Daily_Return",
    "Log_Return",
    "Volatility",
    "Volume_SMA_20",
    "Volume_Ratio",
    "High_Low_Range",
    "Open_Close_Range"
  ],
  "fit_on": "training_data_only"
}