{
  "min_": [
    -1.1431203921861899,
    -1.2233187936513021,
    -1.1305112687104562,
    -1.1563317437216785,
    -0.08735415529475982,
    -1.6018858965364544,
    -1.930838571806541,
    -1.5098060944374725,
    -1.7170695303706822,
    -0.4377947348216193,
    0.33924708872994624,
    0.31974280719957254,
    0.4877084102366015,
    -1.5464026787152492,
    -1.4359777010272077,
    -0.09394156774116146,
    0.1273751992324457,
    -1.2499196504882208,
    -1.287477384689162,
    -1.287477384689162,
    -1.287477384689162,
    -1.287477384689162,
    0.4296076021803116,
    0.45034729291523035,
    -0.3712423171944409,
    -0.7160125940336898,
    -0.1102031601534884,
    -0.0751327165560696,
    0.4389099227894811
  ],
  "scale_": [
    0.008103738059274555,
    0.008241427438104926,
    0.00807252053960408,
    0.008018945149465669,
    8.528930131004366e-09,
    0.010454488700670374,
    0.012341933849810824,
    0.009886465561060018,
    0.010960148115483367,
    0.016248269718266605,
    0.04822768252550566,
    0.05387016363554666,
    0.18605330548310234,
    0.009490979869639147,
    0.010184890389756054,
    0.015070289264688513,
    0.6550847932485682,
    0.008667959841909195,
    0.008928415729357398,
    0.008928415729357398,
    0.008928415729357398,
    0.008928415729357398,
    5.891195920811449,
    5.947583623320504,
    41.07331415355279,
    3.5954190047376836e-08,
    0.33736416840293265,
    9.484473260416717,
    5.670579388992212
  ],
  "data_min_": [
    141.06087632952463,
    148.43530478654532,
    140.04439668677543,
    144.19998168945312,
    10242100.0,
    153.2247001647949,
    156.44538330078126,
    152.71444431912758,
    156.66481075606848,
    26.944083426276606,
    -7.034281370466687,
    -5.935434118276702,
    -2.6213369817334202,
    162.93393305596004,
    140.99098233511788,
    6.233561021371884,
    -0.19444078162888132,
    144.19998168945312,
    144.19998168945312,
    144.19998168945312,
    144.19998168945312,
    144.19998168945312,
    -0.07292366574716425,
    -0.07571937133416946,
    0.009038528417905348,
    19914580.0,
    0.3266593505622882,
    0.007921654106995553,
    -0.07740124821133756
  ],
  "data_max_": [
    264.4607188078389,
    269.7735083332291,
    263.92144290721717,
    268.9046630859375,
    127490100.0,
    248.87739334106445,
    237.4699627685547,
    253.86282680464558,
    247.90445363893272,
    88.4890982087295,
    13.700697953309458,
    12.627717216577272,
    2.7534667467110694,
    268.29713198117497,
    239.175642329672,
    72.58928800420554,
    1.3320791594630128,
    259.5673828125,
    256.2019348144531,
    256.2019348144531,
    256.2019348144531,
    256.2019348144531,
    0.09682115575289219,
    0.09241613769490833,
    0.03338523675172752,
    47727750.0,
    3.2908152795512993,
    0.11335713508130359,
    0.09894757461639861
  ],
  "feature_columns": [
    "Open",
    "High",
    "Low",
    "Close",
    "Volume",
    "SMA_20",
    "SMA_50",
    "EMA_12",
    "EMA_26",
    "RSI_14",
    "MACD",
    "MACD_Signal",
    "MACD_Histogram",
    "BB_Upper",
    "BB_Lower",
    "BB_Width",
    "BB_Position",
    "Lag_1",
    "Lag_2",
    "Lag_3",
    "Lag_4",
    "Lag_5",
    "Daily_Return",
    "Log_Return",
    "Volatility",
    "Volume_SMA_20",
    "Volume_Ratio",
    "High_Low_Range",
    "Open_Close_Range"
  ],
  "fit_on": "training_data_only"
}