{
  "min_": [
    -1.7085319801010035,
    -1.8984348602786583,
    -1.7425663537439602,
    -1.8720376669152443,
    -0.12547461260402948,
    -2.542487697585924,
    -2.97172675178118,
    -2.404727101632281,
    -2.628182764614929,
    -0.435518126300313,
    0.38463895170940904,
    0.3589251532650402,
    0.3853255369292524,
    -2.6637516768839475,
    -2.0086960234173588,
    -0.17324749147435428,
    0.14733393758095864,
    -1.8720376669152443,
    -1.8720376669152443,
    -1.8720376669152443,
    -1.8720376669152443,
    -1.8720376669152443,
    0.3788579257059007,
    0.39794938945286445,
    -0.222386043551176,
    -1.189976091080036,
    -0.1266559275984928,
    -0.05933213900372051,
    0.2724439756941653
  ],
  "scale_": [
    0.004906554253132626,
    0.0052484868065163365,
    0.005092684425976793,
    0.005320310522469496,
    1.7513380222489984e-08,
    0.006817945307274181,
    0.007752515039093701,
    0.006495760042425283,
    0.006991159413350361,
    0.01756142683510745,
    0.033091128414309154,
    0.03838228052953653,
    0.08380447425610685,
    0.006749378789542693,
    0.00594271891370011,
    0.00910414769203992,
    0.6563532247198471,
    0.005320310522469496,
    0.005320310522469496,
    0.005320310522469496,
    0.005320310522469496,
    0.005320310522469496,
    6.129479422816384,
    6.237266664172092,
    35.500055004380336,
    7.463374422941219e-08,
    0.393561042496598,
    10.307962778038199,
    6.961306915164565
  ],
  "data_min_": [
    348.2142236601539,
    361.71089501866106,
    342.17049555544185,
    351.8662414550781,
    7164500.0,
    372.91113128662107,
    383.32421630859375,
    370.1994971991673,
    375.92945736527406,
    24.79970052488325,
    -11.623627544326496,
    -9.3513243171894,
    -4.597911273229826,
    394.66619965249146,
    338.0095967161748,
    19.02951240848506,
    -0.22447354874175493,
    351.8662414550781,
    351.8662414550781,
    351.8662414550781,
    351.8662414550781,
    351.8662414550781,
    -0.06180915206202331,
    -0.06380188805117995,
    0.006264385886831327,
    15944210.0,
    0.32182028687350994,
    0.0057559520034484,
    -0.03913690044331636
  ],
  "data_max_": [
    552.0232408256204,
    552.2420017670738,
    538.5305910090683,
    539.8251953125,
    64263700.0,
    519.5828857421875,
    512.3146142578125,
    524.1460705745342,
    518.967248506239,
    81.74268183212402,
    18.59595238295043,
    16.70236468209933,
    7.334625848165334,
    542.8279833042511,
    506.28274147061364,
    128.86955826740007,
    1.2990963254320673,
    539.8251953125,
    539.8251953125,
    539.8251953125,
    539.8251953125,
    539.8251953125,
    0.10133683979457686,
    0.0965247508184018,
    0.03443335632579573,
    29342975.0,
    2.862722185233138,
    0.10276833180468,
    0.10451428635058758
  ],
  "feature_columns": [
    "Open",
    "High",
    "Low",
    "Close",
    "Volume",
    "SMA_20",
    "SMA_50",
    "EMA_12",
    "EMA_26",
    "RSI_14",
    "MACD",
    "MACD_Signal",
    "MACD_Histogram",
    "BB_Upper",
    "BB_Lower",
    "BB_Width",
    "BB_Position",
    "Lag_1",
    "Lag_2",
    "Lag_3",
    "Lag_4",
    "Lag_5",
    "Daily_Return",
    "Log_Return",
    "Volatility",
    "Volume_SMA_20",
    "Volume_Ratio",
    "High_Low_Range",
    "Open_Close_Range"
  ],
  "fit_on": "training_data_only"
}