{
  "min_": [
    -2.4253300578176047,
    -2.7105467149365228,
    -2.396047145029738,
    -2.6797511673218293,
    0.0,
    -3.5877252249318343,
    -4.434385986941846,
    -3.2640348788878963,
    -3.833184681943624,
    -0.4552996874491414,
    0.44509918616086686,
    0.4419739104082449,
    0.4519972216374941,
    -3.2799417243993263,
    -3.102078790905675,
    -0.15909332352394912,
    0.14439392782970967,
    -2.6797511673218293,
    -2.6797511673218293,
    -2.6797511673218293,
    -2.6797511673218293,
    -2.6797511673218293,
    0.5725763756493829,
    0.5886354629507994,
    -0.276321856437685,
    -0.8212375380311527,
    0.0,
    0.0,
    0.5886584783250369
  ],
  "scale_": [
    0.0021506949028884397,
    0.00232347701808192,
    0.0021577941874971695,
    0.0023155639989722423,
    2.402648872328765e-08,
    0.0029642572523708986,
    0.003600732211004914,
    0.0027299057269851573,
    0.0031564631235533706,
    0.018357832726321077,
    0.011737907326085923,
    0.012834849967401373,
    0.029799524330781087,
    0.0026077133481171464,
    0.0027774158007078564,
    0.0032554311089177126,
    0.6133975541434352,
    0.0023155639989722423,
    0.0023155639989722423,
    0.0023155639989722423,
    0.0023155639989722423,
    0.0023155639989722423,
    7.649507420622318,
    7.5659199477073935,
    49.65180248017869,
    9.005919207943817e-08,
    0.2842660397223889,
    10.07045062640765,
    8.750579494524606
  ],
  "data_min_": [
    1127.6960086529814,
    1166.590714623955,
    1110.415052053189,
    1157.2779541015625,
    0.0,
    1210.328564453125,
    1231.5234033203126,
    1195.6584605185683,
    1214.3923536887191,
    24.801385557693976,
    -37.919807491723304,
    -34.43545592903645,
    -15.16793411264651,
    1257.784613008769,
    1116.893909120512,
    48.87012447848747,
    -0.2354002340804003,
    1157.2779541015625,
    1157.2779541015625,
    1157.2779541015625,
    1157.2779541015625,
    1157.2779541015625,
    -0.07485140469382034,
    -0.07780091079726084,
    0.005565192855747672,
    9118864.15,
    0.0,
    0.0,
    -0.06727079945886681
  ],
  "data_max_": [
    1592.6620057625546,
    1596.9801663885871,
    1573.8512804915936,
    1589.13818359375,
    41620730.0,
    1547.681201171875,
    1509.2446948242186,
    1561.9714764278672,
    1531.2026444657758,
    79.27404662330119,
    47.27425412585603,
    43.477414306287876,
    18.389648515176212,
    1641.2623448392374,
    1476.940827462785,
    356.0491021753787,
    1.3948638470935568,
    1589.13818359375,
    1589.13818359375,
    1589.13818359375,
    1589.13818359375,
    1589.13818359375,
    0.055875967019565875,
    0.05437072291173943,
    0.025705448597706012,
    20222672.4,
    3.5178313982795446,
    0.0993004223046096,
    0.04700734642001101
  ],
  "feature_columns": [
    "Open",
    "High",
    "Low",
    "Close",
    "Volume",
    "SMA_20",
    "SMA_50",
    "EMA_12",
    "EMA_26",
    "RSI_14",
    "MACD",
    "MACD_Signal",
    "MACD_Histogram",
    "BB_Upper",
    "BB_Lower",
    "BB_Width",
    "BB_Position",
    "Lag_1",
    "Lag_2",
    "Lag_3",
    "Lag_4",
    "Lag_5",
    "Daily_Return",
    "Log_Return",
    "Volatility",
    "Volume_SMA_20",
    "Volume_Ratio",
    "High_Low_Range",
    "Open_Close_Range"
  ],
  "fit_on": "training_data_only"
}