{
  "min_": [
    -1.8810980391127246,
    -1.9075542002142862,
    -1.9119079675335537,
    -1.9028437432864485,
    0.0,
    -2.2094776798121325,
    -2.5544774523024745,
    -2.1706325708911978,
    -2.3407206873901503,
    -0.2587940088145925,
    0.534119689203536,
    0.5183901603551132,
    0.5396499060778267,
    -2.1825856403114514,
    -1.9115285643147188,
    -0.1533545150650764,
    0.23605670925641298,
    -1.9028437432864485,
    -1.9028437432864485,
    -1.9028437432864485,
    -1.9028437432864485,
    -1.9028437432864485,
    0.37460567870088646,
    0.38698001584149655,
    -0.47801552911555684,
    -0.9347443941783611,
    0.0,
    0.0,
    0.44995852965046407
  ],
  "scale_": [
    0.0006649732548784999,
    0.0006687048653804965,
    0.0006816174670410046,
    0.000673265966191726,
    7.40238256046044e-08,
    0.0007528780675737473,
    0.0008565621371713828,
    0.0007449120657740969,
    0.0007932730599116464,
    0.016348426988835287,
    0.003844161955736048,
    0.004373397927225713,
    0.01363594655632282,
    0.0007153389208526562,
    0.0006916106236248521,
    0.0014640505438014506,
    0.6618310422917877,
    0.000673265966191726,
    0.000673265966191726,
    0.000673265966191726,
    0.000673265966191726,
    0.000673265966191726,
    9.428857968239187,
    9.545523790586326,
    73.45539287691983,
    5.493594372823386e-07,
    0.2094901750511098,
    13.911417406557929,
    9.796771500865145
  ],
  "data_min_": [
    2828.8326264436423,
    2852.610021207006,
    2804.957413772581,
    2826.288330078125,
    0.0,
    2934.7085205078124,
    2982.2441845703124,
    2913.944706527907,
    2950.7124415026224,
    15.829902717327414,
    -138.94307663248992,
    -118.53258472730758,
    -39.57553689792057,
    3051.12105141699,
    2763.8797019861604,
    104.74673549649924,
    -0.3566721627909687,
    2826.288330078125,
    2826.288330078125,
    2826.288330078125,
    2826.288330078125,
    2826.288330078125,
    -0.03972969790856262,
    -0.04054046947356952,
    0.00650756207806973,
    1701516.95,
    0.0,
    0.0,
    -0.0459292665558984
  ],
  "data_max_": [
    4332.652505910395,
    4348.038051973605,
    4272.055967366194,
    4311.58544921875,
    13509164.0,
    4262.944848632813,
    4149.701811523438,
    4256.385037335035,
    4211.312417142005,
    76.99786711432553,
    121.19164493090693,
    110.1225746339525,
    33.76003946779291,
    4449.0598058301275,
    4209.779990155283,
    787.7832633225607,
    1.1542874871783062,
    4311.58544921875,
    4311.58544921875,
    4311.58544921875,
    4311.58544921875,
    4311.58544921875,
    0.06632768500763664,
    0.06422067532460146,
    0.02012126640711167,
    3521818.8,
    4.77349355288871,
    0.07188340129371676,
    0.05614517704133064
  ],
  "feature_columns": [
    "Open",
    "High",
    "Low",
    "Close",
    "Volume",
    "SMA_20",
    "SMA_50",
    "EMA_12",
    "EMA_26",
    "RSI_14",
    "MACD",
    "MACD_Signal",
    "MACD_Histogram",
    "BB_Upper",
    "BB_Lower",
    "BB_Width",
    "BB_Position",
    "Lag_1",
    "Lag_2",
    "Lag_3",
    "Lag_4",
    "Lag_5",
    "Daily_Return",
    "Log_Return",
    "Volatility",
    "Volume_SMA_20",
    "Volume_Ratio",
    "High_Low_Range",
    "Open_Close_Range"
  ],
  "fit_on": "training_data_only"
}